metrics,values
accuracy_score,0.7865168539325843
precision_score,0.7123287671232876
recall_score,0.7536231884057971
f1_score,0.7323943661971831
roc_auc_score,0.7804813189735408
