metrics,values
accuracy_score,0.7640449438202247
precision_score,0.68
recall_score,0.7391304347826086
f1_score,0.7083333333333334
roc_auc_score,0.7594734742720383
